{"A":[1.123412,2.1241124],"B":[0.123412,-2.1241124],"C":[-1.123412,-2.1241124],"D":[-4.123412,-2.1241124],"会议室门口":[1.123412,2.1241124]}